1.102689711,1.004424934,1.006741376,15.22861111,16.67638889,16.71305556,15.05138889,1485.447222,1485.416667,1485.491667,1485.55,62,62,63,63,61,61,61,61,3444.805556,2924.555556,3232.111111,3193.138889,3098.25,3328.611111,3524.611111,2507.583333,15.53888889,15.53888889,10,10,17.2,17.2,17.7,17.7,86.58583333,85.57666667,106.985,105.5308333,106.7144444,105.2558333,86.46111111,85.46083333,1
1.101431614,1.003722002,1.008256168,14.10666667,15.4075,15.47388889,13.93083333,1485.222222,1485.211111,1485.288889,1485.352778,62,62,63,63,61,61,61,61,3536.222222,2981.194444,3260.333333,3254.972222,3118.666667,3335.611111,3553.666667,2601.277778,15.5,15.5,10,10,17.2,17.2,17.7,17.7,86.56,85.62805556,106.9425,105.6036111,106.6761111,105.3266667,86.43388889,85.51055556,1
1.098567743,1.002527801,1.009103469,14.13666667,15.38805556,15.48444444,13.96583333,1485.061111,1485.047222,1485.133333,1485.183333,62,62,63,63,61,61,61,61,3513.527778,3005,3284.833333,3264.194444,3138.027778,3329.472222,3567.888889,2592.75,15.5,15.5,10,10,17.2,17.2,17.7,17.7,86.57222222,85.63527778,106.9547222,105.6147222,106.6863889,105.3363889,86.44472222,85.51916667,1
1.099515789,1.007023655,1.009363154,14.14638889,15.405,15.43916667,13.90611111,1485.144444,1485.113889,1485.216667,1485.25,62,62,63,63,61,61,61,61,3541.472222,2990.722222,3282.916667,3275.472222,3123.5,3334.25,3573.916667,2607.194444,15.5,15.5,10,10,17.2,17.2,17.7,17.7,86.56611111,85.63083333,106.9525,105.6094444,106.6813889,105.3316667,86.43972222,85.51583333,1
1.100336239,1.000661351,1.006709311,14.05694444,15.36361111,15.45222222,13.94888889,1485.202778,1485.180556,1485.272222,1485.3,62,62,63,63,61,61,61,61,3495.333333,2970.333333,3289.888889,3244.194444,3117.277778,3332.083333,3540.222222,2592.666667,15.5,15.5,10,10,17.2,17.2,17.7,17.7,86.56111111,85.63083333,106.9466667,105.6038889,106.6761111,105.3288889,86.43694444,85.51222222,1
1.102269682,1.002826995,1.00662145,14.06416667,15.39833333,15.45388889,13.92555556,1485.266667,1485.247222,1485.341667,1485.363889,62,62,63,63,61,61,61,61,3514.638889,2981.111111,3265.388889,3249.222222,3117.083333,3345.583333,3531.75,2598.416667,15.5,15.5,10,10,17.2,17.2,17.7,17.7,86.55722222,85.62694444,106.9411111,105.6005556,106.6716667,105.3236111,86.4325,85.50888889,1
1.101424688,1.00377462,1.008886823,14.09194444,15.38166667,15.45638889,13.90638889,1485.336111,1485.316667,1485.397222,1485.436111,62,62,63,63,61,61,61,61,3515.972222,2971.5,3251.638889,3248.972222,3117.722222,3354.5,3549.611111,2614.333333,15.5,15.5,10,10,17.2,17.2,17.7,17.7,86.55527778,85.62222222,106.9375,105.5947222,106.6680556,105.3202778,86.42694444,85.5075,1
1.101347591,1.001413413,1.007861373,12.79027778,13.97555556,14.06138889,12.66666667,1485.236111,1485.208333,1485.288889,1485.330556,62,62,63,63,61,61,61,61,3580.5,3066.944444,3309.055556,3283.444444,3162.138889,3363.555556,3571.027778,2669.25,15.5,15.5,10,10,17.2,17.2,17.7,17.7,86.51638889,85.66888889,106.8836111,105.665,106.6138889,105.3886111,86.3925,85.55472222,1
1.104456192,1.000181874,1.007575671,11.66027778,12.78111111,12.87111111,11.56583333,1485.102778,1485.105556,1485.2,1485.205556,62,62,63,63,61,61,61,61,3624.416667,3145.111111,3335.833333,3315.055556,3219.527778,3388.972222,3570.861111,2741.222222,15.5,15.5,10,10,17.2,17.2,17.7,17.7,86.48777778,85.71305556,106.8377778,105.7241667,106.5680556,105.4483333,86.36361111,85.5975,1
1.103605762,1.006326764,1.008535522,9.3475,10.22555556,10.24694444,9.203055556,1485.2,1485.222222,1485.288889,1485.305556,62,62,63,63,61,61,61,61,3670.027778,3272.722222,3385.055556,3414.583333,3286.583333,3414.25,3577.555556,2894.888889,15.5,15.5,10,10,17.2,17.2,17.7,17.7,86.40416667,85.78666667,106.7194444,105.8275,106.4455556,105.5541667,86.27916667,85.66972222,1
1.10715336,1.003215041,1.009676232,7.607777778,8.340833333,8.391944444,7.505555556,1485.263889,1485.297222,1485.375,1485.383333,62,62,63,63,61,61,61,61,3695.916667,3378.75,3431.416667,3411.944444,3314.833333,3480.472222,3575.472222,3012.805556,15.5,15.5,10,10,17.2,17.2,17.7,17.7,86.34472222,85.84,106.6308333,105.9038889,106.3613889,105.63,86.21861111,85.72194444,1
1.099542292,1.006947847,1.010854127,7.656666667,8.325833333,8.356666667,7.515555556,1485.263889,1485.3,1485.388889,1485.380556,62,62,63,63,61,61,61,61,3690.472222,3379.138889,3435,3421.305556,3316.972222,3479,3574.583333,3007.472222,15.5,15.5,10,10,17.2,17.2,17.7,17.7,86.34527778,85.83972222,106.6311111,105.9033333,106.3591667,105.6302778,86.21861111,85.72138889,1
1.103924192,1.007028832,1.01800218,7.676666667,8.321944444,8.408333333,7.478611111,1485.266667,1485.297222,1485.391667,1485.380556,62,62,63,63,61,61,61,61,3696.305556,3377.111111,3435.777778,3415.277778,3318.416667,3481.361111,3584,3008.416667,15.5,15.5,10,10,17.2,17.2,17.7,17.7,86.34638889,85.83833333,106.6302778,105.9036111,106.3591667,105.6294444,86.21833333,85.72277778,1
1.104128113,1.006447217,1.011296763,7.650555556,8.350277778,8.388611111,7.509722222,1485.230556,1485.258333,1485.338889,1485.358333,62,62,63,63,61,61,61,61,3678.055556,3367.694444,3435.666667,3411.444444,3309.777778,3471.111111,3579.027778,3000.666667,15.5,15.5,10,10,17.2,17.2,17.7,17.7,86.34833333,85.84027778,106.6336111,105.9061111,106.3619444,105.6313889,86.22,85.72333333,1
1.104768892,1.004226705,1.007382139,7.618333333,8.353055556,8.378055556,7.526111111,1485.180556,1485.208333,1485.3,1485.313889,62,62,63,63,61,61,61,61,3683.666667,3369.75,3455.805556,3411.472222,3318.555556,3474.611111,3581.277778,3008.166667,15.5,15.5,10,10,17.2,17.2,17.7,17.7,86.34833333,85.84388889,106.6369444,105.9086111,106.365,105.6361111,86.22333333,85.72583333,1
1.103178968,1.002513615,1.010303859,7.626666667,8.326666667,8.388333333,7.525,1485.172222,1485.205556,1485.280556,1485.291667,62,62,63,63,61,61,61,61,3653.416667,3331.555556,3458.944444,3417.361111,3322,3462.833333,3587.305556,3006.055556,15.43055556,15.43055556,10,10,17.2,17.2,17.7,17.7,86.35,85.84527778,106.6380556,105.91,106.3663889,105.6358333,86.22416667,85.72611111,1
1.108786053,1.005196188,1.009321582,5.25,5.765833333,5.788333333,5.170555556,1485.083333,1485.116667,1485.208333,1485.197222,62,62,63,63,61,61,61,61,3543.333333,3319.416667,3457.666667,3460.388889,3398.666667,3489.722222,3524.444444,3142.805556,15,15,10,10,17.2,17.2,17.7,17.7,86.275,85.9275,106.5316667,106.0288889,106.2588889,105.7541667,86.15194444,85.80972222,1
1.1034415,1.002953284,1.008951668,16.35722222,17.88638889,17.98833333,16.15444444,1485.222222,1485.194444,1485.275,1485.347222,61.27777778,61.27777778,63,63,61,61,61,61,3505.861111,2997.944444,3178.694444,3164.388889,3033.944444,3290.611111,3621.111111,2539.111111,15.91666667,15.91666667,10,10,17.2,17.2,18.06944444,18.06944444,86.63722222,85.55277778,107.0544444,105.4958333,106.7858333,105.2188889,86.50722222,85.43722222,1
1.09943476,1.001812708,1.008346188,16.45166667,17.93611111,18.04777778,16.27777778,1484.188889,1483.591667,1483.652778,1483.775,61.13888889,61.13888889,63,63,61,61,61,61,3522.333333,3029.027778,3185.25,3177.944444,3031.25,3300.527778,3552.027778,2594.111111,16.22222222,16.22222222,10.2,10.2,17.3,17.3,18.49166667,18.51666667,86.70083333,85.60833333,107.1713889,105.6036111,106.9055556,105.3275,86.60333333,85.52611111,1
1.102044926,1.006816394,1.011069464,15.315,16.68777778,16.755,15.03111111,1484.833333,1484.316667,1484.363889,1484.372222,62,62,63,63,61,61,61,61,3455.583333,2902.25,3224.777778,3224.166667,3097,3342.805556,3569.388889,2557.611111,15.6,15.6,10.2,10.2,17.3,17.3,18,18,86.62388889,85.60722222,107.0675,105.6102778,106.7980556,105.3338889,86.5275,85.52833333,1
1.099249086,1.005730253,1.007530661,14.15444444,15.43888889,15.46527778,13.95944444,1485.3,1484.786111,1484.830556,1484.886111,62,62,63,63,61,61,61,61,3530.416667,2977.25,3255.194444,3252.111111,3123.277778,3385.277778,3586.722222,2650.583333,15.6,15.6,10.2,10.2,17.3,17.3,18,18,86.55777778,85.61972222,106.9783333,105.6294444,106.7055556,105.3552778,86.46111111,85.53555556,1
1.101184537,1.004523949,1.009315156,14.16027778,15.44583333,15.51611111,13.95666667,1485.583333,1485.058333,1485.125,1485.125,62,62,63,63,61,61,61,61,3509.777778,2998.444444,3277.666667,3270.305556,3135.583333,3356.916667,3605.611111,2635.972222,15.6,15.6,10.2,10.2,17.3,17.3,18,18,86.54166667,85.60388889,106.9583333,105.6113889,106.6883333,105.335,86.44666667,85.52472222,1
1.098245337,1.004159374,1.008298207,14.18916667,15.45194444,15.51277778,14.00555556,1485.788889,1485.283333,1485.369444,1485.369444,62,62,63,63,61,61,61,61,3502.75,2991,3248.722222,3254.555556,3129.666667,3375.444444,3607.638889,2648.944444,15.6,15.6,10.2,10.2,17.3,17.3,18,18,86.53222222,85.59166667,106.9411111,105.5944444,106.6713889,105.3205556,86.435,85.50694444,1
1.105122896,1.005483512,1.008706421,14.12361111,15.46944444,15.51666667,13.915,1485.997222,1485.486111,1485.558333,1485.563889,62,62,63,63,61,61,61,61,3505,2982.666667,3275.916667,3277.722222,3123.611111,3354.277778,3609.916667,2648.027778,15.6,15.6,10.2,10.2,17.3,17.3,18,18,86.51666667,85.58055556,106.9269444,105.5816667,106.6563889,105.3047222,86.42083333,85.49638889,1
1.100455268,1.007077475,1.009637644,14.18666667,15.45777778,15.49527778,13.94083333,1485.672222,1485.155556,1485.233333,1485.241667,62,62,63,63,61,61,61,61,3512.833333,2986.222222,3272.527778,3243.472222,3128.583333,3356.527778,3592.888889,2629.75,15.6,15.6,10.2,10.2,17.3,17.3,18,18,86.53611111,85.59861111,106.9502778,105.6036111,106.68,105.3277778,86.44138889,85.51638889,1
1.100627627,1.007308218,1.014736782,14.23611111,15.43611111,15.54472222,13.91222222,1484.983333,1484.486111,1484.558333,1484.577778,62,62,63,63,61,61,61,61,3511.916667,2992.638889,3254.888889,3254.777778,3128.138889,3357.305556,3552.277778,2638.138889,15.6,15.6,10.2,10.2,17.3,17.3,18,18,86.57583333,85.63916667,106.995,105.6511111,106.7308333,105.3741667,86.47833333,85.55694444,1
1.098991166,1.002919964,1.009097401,12.92555556,14.075,14.15777778,12.76416667,1484.602778,1484.088889,1484.186111,1484.161111,62,62,63,63,61,61,61,61,3569.833333,3071.111111,3291.25,3293.722222,3182.25,3374.416667,3594.277778,2705.527778,15.6,15.6,10.2,10.2,17.3,17.3,18,18,86.55611111,85.70194444,106.9691667,105.7369444,106.6983333,105.46,86.465,85.61777778,1
1.102085316,1.002869572,1.011388786,11.615,12.65472222,12.75722222,11.44305556,1484.608333,1484.113889,1484.180556,1484.158333,62,62,63,63,61,61,61,61,3584.333333,3120.611111,3325.388889,3339.527778,3223.805556,3401.555556,3626.666667,2789.333333,15.6,15.6,10.2,10.2,17.3,17.3,18,18,86.51611111,85.74444444,106.9033333,105.7994444,106.6372222,105.5227778,86.42055556,85.6625,1
1.102513904,1.004298096,1.010865556,9.438888889,10.2925,10.35666667,9.290277778,1484.9,1484.433333,1484.513889,1484.488889,62,62,63,63,61,61,61,61,3646.833333,3268.388889,3395.472222,3360.527778,3304.527778,3466.444444,3617.277778,2922.111111,15.6,15.6,10.2,10.2,17.3,17.3,18,18,86.42444444,85.79916667,106.7766667,105.8791667,106.5080556,105.6052778,86.32861111,85.71361111,1
1.097258027,1.004946144,1.009309314,7.761666667,8.436111111,8.471111111,7.646944444,1484.897222,1484.405556,1484.497222,1484.441667,62,62,63,63,61,61,61,61,3692.305556,3328.916667,3418.222222,3434.833333,3317.166667,3457.833333,3592.416667,3012.777778,15.6,15.6,10.2,10.2,17.3,17.3,18,18,86.36944444,85.85638889,106.6983333,105.9619444,106.4269444,105.6875,86.2775,85.76944444,1
1.105553439,1.007924013,1.010881242,7.730833333,8.451666667,8.475277778,7.58,1484.766667,1484.294444,1484.375,1484.325,62,62,63,63,61,61,61,61,3688.111111,3349.472222,3443.138889,3409.333333,3313.555556,3469,3611.722222,3020.694444,15.6,15.6,10.2,10.2,17.3,17.3,18,18,86.37805556,85.86305556,106.7091667,105.9702778,106.4361111,105.6963889,86.28194444,85.77972222,1
1.100816061,1.006933545,1.009012587,7.756944444,8.46,8.476666667,7.628611111,1484.822222,1484.344444,1484.436111,1484.388889,62,62,63,63,61,61,61,61,3689.972222,3347.638889,3434.527778,3420.222222,3307.916667,3467.944444,3598.111111,3015.333333,15.6,15.6,10.2,10.2,17.3,17.3,18,18,86.375,85.85972222,106.7047222,105.965,106.4333333,105.6911111,86.27916667,85.77444444,1
1.10213897,1.002600937,1.007857834,7.723611111,8.445,8.487222222,7.639444444,1484.969444,1484.491667,1484.572222,1484.541667,62,62,63,63,61,61,61,61,3688.055556,3337.694444,3399.805556,3426.166667,3341.222222,3447.416667,3588.25,3031.055556,15.6,15.6,10.2,10.2,17.3,17.3,18,18,86.36527778,85.85333333,106.6933333,105.9558333,106.4208333,105.6816667,86.27138889,85.76638889,1
1.105653601,1.00405676,1.008286337,7.706944444,8.449444444,8.483333333,7.607777778,1484.936111,1484.463889,1484.538889,1484.494444,62,62,63,63,61,61,61,61,3683.666667,3333.027778,3403.194444,3427.305556,3325.361111,3439.138889,3590.416667,3021.194444,15.6,15.6,10.2,10.2,17.3,17.3,18,18,86.36555556,85.85638889,106.6952778,105.9588889,106.4247222,105.6841667,86.27416667,85.76916667,1
1.100202466,1.006268564,1.010191193,7.749166667,8.437222222,8.468611111,7.616944444,1484.816667,1484.336111,1484.4,1484.394444,62,62,63,63,61,61,61,61,3684,3351.305556,3434.194444,3413.666667,3306.027778,3473.444444,3581.666667,3018.333333,15.6,15.6,10.2,10.2,17.3,17.3,18,18,86.37388889,85.86055556,106.7036111,105.9663889,106.4325,105.6936111,86.28055556,85.77555556,1
1.100611115,1.004254254,1.006614386,5.325555556,5.821666667,5.834722222,5.265277778,1484.986111,1484.516667,1484.586111,1484.558333,62,62,63,63,61,61,61,61,3692.472222,3482.361111,3464.25,3430.166667,3370.444444,3493.888889,3575.5,3161.75,15.6,15.6,10.2,10.2,17.3,17.3,18,18,86.28472222,85.93,106.5772222,106.0680556,106.3052778,105.7958333,86.19277778,85.84305556,1
1.104674453,1.011235676,1.010186335,5.399166667,5.901111111,5.895277778,5.279444444,1485.469444,1485.080556,1485.169444,1485.211111,61,61,63,63,61,61,61,61,3814.75,3813.888889,3430.333333,3483.722222,3184.75,3338.305556,3737.333333,3280.888889,17.6,17.6,9.8,9.8,16.5,16.5,18.2,18.2,86.25861111,85.90055556,106.54,106.0236111,106.2666667,105.7505556,86.155,85.80361111,1
1.101033146,1.001289753,1.005257754,7.513611111,8.228888889,8.26,7.462222222,1485.738889,1485.322222,1485.416667,1485.483333,61,61,63,63,61,61,61,61,3771.944444,3733.777778,3403.888889,3425.527778,3103.611111,3355.472222,3751.805556,3153.75,17.6,17.6,9.8,9.8,16.5,16.5,18.2,18.2,86.31388889,85.81388889,106.6222222,105.9069444,106.3511111,105.63,86.21111111,85.71583333,1
1.088862647,1.007340816,1.010477899,7.596944444,8.183888889,8.208333333,7.4575,1486.005556,1485.611111,1485.702778,1485.738889,61,61,63,63,61,61,61,61,3750.305556,3710.583333,3390.805556,3446.666667,3098.527778,3354.972222,3757.111111,3148.111111,17.6,17.6,9.8,9.8,16.5,16.5,18.2,18.2,86.29694444,85.79888889,106.6005556,105.8877778,106.3288889,105.6127778,86.19583333,85.70277778,1
1.097343327,1.004059492,1.009724099,7.540277778,8.193055556,8.237222222,7.4325,1486.236111,1485.836111,1485.930556,1485.969444,61,61,63,63,61,61,61,61,3776.972222,3724.138889,3405.916667,3438.861111,3090.944444,3344.75,3759.527778,3162.277778,17.6,17.6,9.8,9.8,16.5,16.5,18.2,18.2,86.28333333,85.78722222,106.5844444,105.8722222,106.3144444,105.5972222,86.18222222,85.69027778,1
1.094179698,1.007860463,1.008288077,7.568055556,8.21,8.213333333,7.441666667,1486.416667,1486.027778,1486.122222,1486.158333,61,61,63,63,61,61,61,61,3780.083333,3749.361111,3392.805556,3447.888889,3100.194444,3339.444444,3752.694444,3149.166667,17.6,17.6,9.8,9.8,16.5,16.5,18.2,18.2,86.27416667,85.77638889,106.5733333,105.8577778,106.2994444,105.5841667,86.17027778,85.67861111,1
1.096062905,1.006034467,1.009636926,7.550555556,8.194722222,8.222777778,7.428055556,1486.569444,1486.152778,1486.255556,1486.305556,61,61,63,63,61,61,61,61,3745.611111,3716.361111,3385.222222,3422.722222,3110.222222,3363.611111,3751.833333,3138.638889,17.6,17.6,9.8,9.8,16.5,16.5,18.2,18.2,86.26611111,85.76527778,106.5619444,105.8472222,106.2894444,105.5730556,86.16194444,85.67166667,1
1.092792476,1.002728465,1.005820247,7.535277778,8.185833333,8.21,7.468333333,1486.741667,1486.352778,1486.438889,1486.488889,61,61,63,63,61,61,61,61,3776.111111,3720.722222,3413.777778,3451.777778,3082.694444,3332.805556,3748.638889,3153.888889,17.6,17.6,9.8,9.8,16.5,16.5,18.2,18.2,86.25416667,85.75611111,106.5486111,105.8366667,106.2763889,105.5622222,86.15277778,85.65833333,1
1.09350233,1.00283978,1.005516535,9.398888889,10.22,10.24611111,9.317222222,1486.991667,1486.569444,1486.647222,1486.694444,61,61,63,63,61,61,61,61,3713.611111,3661.333333,3342.5,3406.138889,3030.194444,3328.777778,3565.805556,2875.666667,17.6,17.6,9.8,9.8,16.5,16.5,17.8,17.8,86.30166667,85.68055556,106.6202778,105.7319444,106.3483333,105.4591667,86.20305556,85.58472222,1
1.094274782,1.001117129,1.008664922,11.82083333,12.82333333,12.91583333,11.70083333,1487.497222,1487.069444,1487.169444,1487.236111,61,61,63,63,61,61,61,61,3608.611111,3555,3274.916667,3342.111111,2916,3291.972222,3575.277778,2730.222222,17.6,17.6,9.8,9.8,16.5,16.5,17.8,17.8,86.35472222,85.57138889,106.6988889,105.5825,106.4286111,105.3047222,86.25027778,85.47694444,1
1.096696126,1.004938323,1.00701181,12.93555556,14.08444444,14.11222222,12.775,1487.783333,1487.366667,1487.466667,1487.519444,61,61,63,63,61,61,61,61,3534.694444,3493.222222,3232.416667,3294.444444,2861.083333,3296.361111,3563.888889,2656.166667,17.6,17.6,9.8,9.8,16.5,16.5,17.8,17.8,86.37361111,85.51694444,106.7305556,105.5077778,106.4580556,105.2330556,86.27,85.42388889,1
1.093590897,1.004533967,1.0063191,14.12861111,15.35083333,15.37694444,13.96944444,1488,1487.55,1487.636111,1487.7,61,61,63,63,61,61,61,61,3653.777778,3605.277778,3182.638889,3267.277778,2804.805556,3276.638889,3551.111111,2596.972222,18.04444444,18.04444444,9.8,9.8,16.5,16.5,17.8,17.8,86.39805556,85.46888889,106.7713889,105.4430556,106.5005556,105.1658333,86.29722222,85.37722222,1
1.100235027,1.000711514,1.00114816,13.96,15.34111111,15.3475,13.93277778,1486.413889,1485.997222,1486.069444,1486.119444,61,61,63,63,61,61,61,61,3693.25,3619.805556,3183.527778,3266.722222,2812.972222,3261.833333,3536.472222,2580.611111,18.1,18.1,9.8,9.8,16.5,16.5,17.8,17.8,86.49,85.55861111,106.8852778,105.5502778,106.6141667,105.2744444,86.38527778,85.46888889,1
1.095746376,1.004781453,1.008032895,14.04222222,15.26083333,15.30805556,13.85555556,1485.261111,1484.819444,1484.9,1484.983333,61,61,63,63,61,61,61,61,3636.777778,3632.916667,3194.25,3274.25,2812.361111,3255.666667,3557.777778,2568.861111,18.1,18.1,9.8,9.8,16.5,16.5,17.80277778,17.80277778,86.55583333,85.62777778,106.9672222,105.6358333,106.6983333,105.3605556,86.45333333,85.5325,1
1.095075423,1.002657908,1.009199737,14.0725,15.26805556,15.36333333,13.89944444,1484.311111,1483.827778,1483.952778,1484.013889,61,61,63,63,61,61,61,61,3659,3611.055556,3176.75,3259.555556,2825.277778,3266.722222,3623.416667,2623.055556,18.1,18.1,9.8,9.8,16.5,16.5,17.9,17.9,86.61527778,85.68166667,107.0402778,105.7022222,106.7686111,105.4247222,86.51305556,85.58611111,1
1.094428013,1,1.005283514,14.03222222,15.27638889,15.35361111,13.955,1483.516667,1483.058333,1483.141667,1483.247222,61,61,63,63,61,61,61,61,3683.277778,3614.861111,3184.75,3267.527778,2822.583333,3261.138889,3608.75,2601.194444,18.1,18.1,9.8,9.8,16.5,16.5,17.9,17.9,86.65694444,85.72694444,107.0947222,105.7602778,106.8255556,105.4833333,86.55666667,85.63,1
1.092925351,1.001676867,1.006181338,14.07861111,15.29111111,15.35694444,13.96361111,1482.75,1482.283333,1482.391667,1482.497222,61,61,63,63,61,61,61,61,3660.277778,3635.194444,3188,3277.583333,2826.361111,3278.75,3639.944444,2628.861111,18.1,18.1,9.8,9.8,16.5,16.5,17.95833333,17.95833333,86.70333333,85.77,107.1505556,105.8136111,106.8794444,105.5352778,86.60055556,85.67583333,1
1.093831649,0.999031861,1.000829332,15.20194444,16.61527778,16.64388889,15.20416667,1483.819444,1483.35,1483.438889,1483.55,61,61,63,63,61,61,61,61,3546.111111,3473.916667,3134.944444,3237.833333,2777.944444,3249.166667,3597.861111,2537.277778,17.91666667,17.91666667,9.8,9.8,16.5,16.5,17.90833333,17.90833333,86.68138889,85.66694444,107.1302778,105.6808333,106.8605556,105.4041667,86.58027778,85.57333333,1
1.096903476,1.001892948,1.005721987,16.52666667,18.02333333,18.08916667,16.39555556,1485.180556,1484.697222,1484.788889,1484.944444,61,61,63,63,61,61,61,61,3549.416667,3639.75,3078.472222,3190.25,2706.75,3232.083333,3560.75,2519.194444,18.53611111,18.53611111,9.8,9.8,16.5,16.5,18.25833333,18.24444444,86.64194444,85.54861111,107.0947222,105.5222222,106.8230556,105.2486111,86.53666667,85.45333333,1
1.076364679,1.014104403,1.015355292,6.390277778,6.771388889,6.779444444,6.199166667,1508.563889,1484.105556,1483.983333,1484.019444,69.75,69,69.72222222,69.69444444,61,61,61,61,4307.277778,4370.027778,3142.805556,3193.638889,3260.75,3467.972222,3690.25,3205.638889,323.5055556,323.5055556,11.8,11.61111111,17.24444444,17.24444444,18.56666667,18.56666667,86.25083333,86.89583333,106.6469444,106.0572222,106.3908333,105.7966667,86.25361111,85.84333333,2
1.089422198,1.007042103,1.01324745,6.298611111,6.770277778,6.810277778,6.167222222,1511.952778,1488.352778,1484.338889,1484.4,67.63888889,70.08333333,65.91666667,65.88888889,61,61,61,61,4943.777778,4877.833333,3116.166667,3140.611111,3218.944444,3437.722222,3650.166667,3191.777778,322.875,322.875,11.60555556,11.66111111,17.43055556,17.46944444,18.53055556,18.53055556,86.25444444,85.83083333,106.3683333,105.7791667,106.3633333,105.7697222,86.23083333,85.82111111,2
1.077056123,1.01659885,1.021996762,6.387777778,6.728888889,6.763333333,6.139166667,1253.155556,1484.613889,1484.561111,1484.608333,65.16666667,65.16666667,62.97222222,62.97222222,61,61,61,61,1271.666667,1518.055556,3183.611111,3231.222222,3369.472222,3597.888889,3703.138889,3209.388889,710.6833333,710.6833333,11.16944444,11.21666667,17.30833333,17.30833333,18.33055556,18.33055556,106.8294444,107.4680556,106.61,106.0222222,106.3469444,105.7580556,86.21777778,85.81055556,2
1.158293137,0.959481432,0.963525374,5.57,6.723888889,6.750277778,6.062777778,1077.952778,1484.916667,1484.886111,1484.933333,59.22222222,59.97222222,62.94444444,62.94444444,61,61,61,61,9136,9251,3260.277778,3393.916667,3363.027778,3600.083333,3681.611111,3198.166667,657.6805556,657.6805556,11.36944444,11.31666667,17.23888889,17.23888889,18.38055556,18.38055556,119.9980556,119.5797222,106.5872222,106.0011111,106.3238889,105.735,86.19666667,85.79555556,2
1.101470421,1.009877028,1.011368099,6.16,6.705833333,6.715277778,6.024722222,1026.9,1485.194444,1485.127778,1485.175,61.72222222,62.41666667,64.44444444,65.22222222,61,61,61,61,1609,4039,3281.527778,3475.861111,3311.888889,3539.472222,3688.25,3214.444444,146.9777778,146.9777778,11.41944444,11.41944444,17.21111111,17.225,18.4,18.4,124.73,124.3,106.5655556,105.9811111,106.3041667,105.7180556,86.18111111,85.78111111,2
1.064640656,1.000921424,1.011573532,12.2025,12.84222222,12.97472222,12.04694444,1420.216667,1523.338889,1533.055556,1549.916667,68.44444444,68.44444444,68.97222222,70.52777778,65.52777778,63.97222222,65.86111111,65.86111111,3632.972222,4995.416667,2615.972222,3268.527778,2377.25,3345.083333,2877.555556,2648.5,432.4888889,432.4888889,144.0916667,144.3,88.96666667,89.05,25.5,25.16388889,93.74583333,92.93361111,104.8016667,103.9541667,103.4380556,102.315,83.38472222,82.58555556,2
1.055437124,0.994904585,0.997388516,12.2,12.91194444,12.94333333,12.29722222,1454.3,1553.283333,1513.227778,1507.333333,66.16666667,64.38888889,66.52777778,68.16666667,67.86111111,67.08333333,67.94444444,67.91666667,955.9722222,2336.833333,2032.305556,2672.972222,2249.833333,3257.694444,3514.5,3505.694444,41.41388889,41.41388889,467.5,542.7777778,177.0611111,177.2333333,113.9416667,114.2138889,89.70138889,85.72333333,102.3983333,101.2644444,105.5358333,104.4102778,86.41527778,85.61,2
1.109136754,0.002442058,1.098355224,0,0.06,12.89194444,11.6775,1303.9,1204.7,1478.038889,1169.636111,63.44444444,63.52777778,63.16666667,64.05555556,66.38888889,65.5,64.13888889,65.08333333,2696,2654,1679,2030,1060.638889,1840.527778,3300.694444,3984.833333,46.56944444,46.56944444,46.82777778,45.61944444,305.4833333,303.1861111,140.6388889,228.0527778,96.17,99.97,118.97,143.08,109.31,106.6352778,113.6811111,112.9725,2
1.098005429,0.993920564,0.993473361,11.69,12.92416667,12.91861111,11.84611111,1036.894444,1494.583333,1532.830556,1527.269444,67.36111111,66.52777778,68.33333333,69.13888889,66.33333333,66.33333333,66.30555556,68.08333333,1518,1397,2094.888889,2505.194444,2877.25,4081.805556,1811.194444,2481.555556,217.7805556,217.7805556,259.6861111,260.2972222,192.325,178.3472222,354.1166667,354.1166667,124.2,123.3522222,107.2308333,105.8394444,104.1886111,103.0580556,84.5775,83.78222222,2
1.056547111,1.000365133,1.004046025,12.23722222,12.87694444,12.92305556,12.18194444,1547.713889,1534.913889,1522.505556,1531.830556,67.66666667,66.86111111,66.55555556,67.30555556,67.19444444,68,67.61111111,66.02777778,2287.166667,4242.361111,2360.083333,3176.138889,2063.138889,3067.416667,2740.666667,2825.888889,434.7666667,434.7666667,218.6861111,218.5138889,150.1888889,150.0111111,24.49166667,24.56944444,84.00805556,83.185,103.6066667,102.4836111,104.1352778,103.0030556,84.30027778,83.51055556,2
2.224507284,0.530296869,0.54031928,0.14,12.9,13.06,11.53,1383.5,1086.5,1622.3,1022,59.66666667,57,61.69444444,60.66666667,59.80555556,58.97222222,63.5,62.86111111,1637,2895,5813,7081,1141,2029,1420,1586,46.86388889,46.86388889,45.75555556,45.85555556,45.70277778,46.28888889,42.96111111,43.675,98.77,86.09,145.84,144.71,97.62,96.48,125.33,124.56,2
2.0625,0.511238892,0.520778538,0.14,12.9,13.06,12.44666667,1383.5,1086.5,1086.4,1022.966667,58.13888889,58,61.44444444,63.33333333,56.80555556,56.69444444,62.02777778,62.13888889,1637,2895,5813,7081,1141,2029,1420,1586,45.01111111,45.01111111,47.70555556,45.825,48.39444444,48.51111111,138.9916667,139.7833333,98.77,86.09,145.84,144.71,145.5,144.34,125.2466667,124.41,2
196.2833333,0.980424962,1.005591325,0.03,19.50333333,19.75333333,0.17,1796.4,1504.216667,1175.119444,1461.9,58.47222222,59.41666667,64.91666667,64.13888889,59.30555556,59.05555556,59.11111111,59.02777778,5326,9459,2364.916667,5722.277778,918.3333333,2295,1639,3220,48.06111111,48.06111111,298.4444444,298.3083333,134.2305556,134.975,45.03888889,45.875,71.75,70.6,106.0522222,104.065,137.0716667,135.2997222,88.19,86.51,2
196.5,1.056220718,0.933431229,0.03,20.26,19.04,0.17,1796.4,1627.8,1088.4,1461.9,55.05555556,55.02777778,56.13888889,57.94444444,62.58333333,60.75,58.94444444,57.88888889,5326,9459,985,1484,1370,4741,1639,3220,48.55555556,48.55555556,48.15277778,48.74166667,44.50833333,43.99444444,46.70277778,47.19166667,71.75,70.6,97.85,96.08,145.48,143.82,88.19,86.51,2
-0.75,-0.181818182,-0.735294118,0,-0.02,-0.25,0.36,1320.1,1194,1457.5,1554.9,59.63888889,59.61111111,62.47222222,61.61111111,59.72222222,59.69444444,57.02777778,57.97222222,2384,2318,2429,2208,2492,2459,1874,1954,45.71666667,45.71666667,47.19166667,45.20555556,45.96111111,45.53333333,47.66111111,48.07222222,98.77,94.96,145.43,118.96,104.23,111.82,88.34,75.91,2
-0.75,-0.181818182,-0.735294118,0,-0.02,-0.25,0.36,1320.1,1194,1457.5,1554.9,60.69444444,61.61111111,58.86111111,58.91666667,62.61111111,60.80555556,59.08333333,58.13888889,2384,2318,2429,2208,2492,2459,1874,1954,45.31388889,45.31388889,46.93611111,46.66666667,44.09444444,44.325,46.55555556,46.80833333,98.77,94.96,145.43,118.96,104.23,111.82,88.34,75.91,2
1.103006147,1.010697888,1.008945364,2.921944444,3.192777778,3.1875,2.8625,1484.711111,1484.283333,1484.380556,1484.402778,61.80555556,61.80555556,63,63,61,61,61,61,3778.861111,3797.194444,3609.75,3645,3436.194444,3516.611111,3677.555556,3449.638889,17.48611111,17.48611111,10.2,10.2,17,17,18.2,18.2,86.21944444,86.02777778,106.48,106.2,106.2047222,105.9277778,86.12055556,85.93,2
1.109426108,1.009062589,1.01248227,2.834166667,3.104166667,3.114166667,2.770833333,1484.963889,1484.547222,1484.636111,1484.705556,62.61111111,61.77777778,63,63,61,61,61,61,3628.611111,3616.25,3635.027778,3630.75,3393.75,3505.361111,3657.611111,3430.583333,17.77222222,17.77222222,10.2,10.2,17,17,18.2,18.2,86.19916667,86.01166667,106.4538889,106.1816667,106.18,105.9102778,86.1,85.91805556,2
1.101470222,1.007140137,1.009148521,2.810555556,3.066666667,3.0725,2.763055556,1500.669444,1485.066667,1485.163889,1485.2,62.69444444,64.25,63,63,61,61,61,61,3445.611111,3647.694444,3613.805556,3613.777778,3422.972222,3491.5,3647.805556,3413.527778,17.875,17.875,10.19444444,10.19444444,17,17,18.2,18.2,85.59888889,85.88472222,106.4172222,106.1497222,106.1408333,105.8752778,86.07,85.88916667,2
1.092391579,1.018311094,1.020377322,2.806111111,3.002222222,3.008055556,2.695833333,1515.605556,1485.625,1485.702778,1485.738889,67.11111111,67.02777778,63,63,61,61,61,61,3409.611111,3307.472222,3339.305556,3416.5,3426.583333,3468.833333,3645.611111,3403.027778,411.1805556,411.1805556,9.7,9.7,17,17,18.2,18.2,85.56277778,85.29111111,106.3736111,106.1122222,106.1005556,105.84,86.03861111,85.85972222,2
1.103613342,1.014938619,1.017226061,2.743611111,2.974722222,2.981111111,2.653055556,1232.497222,1490.080556,1486.308333,1486.338889,67.11111111,66.19444444,65.13888889,66.75,61,61,61,61,1740.027778,1425.305556,3178.055556,3199.888889,3375.416667,3515.222222,3645.638889,3392.194444,518.65,518.65,10.82777778,10.82777778,17,17,18.2,18.2,105.9391667,108.1922222,105.8344444,106.0605556,106.0580556,105.7986111,86.00138889,85.82694444,2
1.118999112,1.020320749,1.00325942,2.691666667,2.998888889,2.951388889,2.625833333,1098.975,1503.758333,1486.686111,1486.7,67.02777778,65.97222222,68,68,61,61,61,61,621.1666667,4959.972222,3661.833333,3640.833333,3409.888889,3507,3601.944444,3426.166667,172.5555556,172.5555556,12.55833333,12.56388889,17,17,18.2,18.2,117.7152778,117.5366667,105.7788889,105.1808333,106.0311111,105.7722222,85.98,85.80694444,2
1.110019646,1.018697136,0.981838489,2.686666667,3.034166667,2.929722222,2.686111111,1247.655556,1547.652778,1486.9,1486.916667,66.11111111,66.58333333,66.19444444,65.38888889,61.02777778,61.02777778,61,61,735.7222222,2168.833333,2915.833333,2823.472222,3362.777778,3444.972222,3625.277778,3393.305556,470.0333333,470.0333333,192.0583333,192.05,16.85277778,16.85277778,18.2,18.2,106.6652778,102.8333333,101.4627778,103.46,106.0155556,105.7580556,85.96888889,85.79361111,2
1.10385383,1.005143361,1.00985262,16.34138889,17.85805556,17.93777778,16.08666667,1486.508333,1486.455556,1486.530556,1486.583333,61.94444444,61.91666667,63,63,61,61,61,61,3491.416667,2915.805556,3248.527778,3209.833333,3005.388889,3298.944444,3544.305556,2504.111111,15.68055556,15.68055556,10.1,10.1,17.1,17.1,17.8,17.8,86.55861111,85.47888889,106.96,105.4072222,106.6944444,105.1319444,86.43166667,85.37083333,3
1.105774723,1.0002888,1.009627643,15.15361111,16.59611111,16.74361111,14.99694444,1486.052778,1486.005556,1486.066667,1486.111111,62,62,63,63,61,61,61,61,3556.833333,2988.583333,3273.75,3246.055556,3048.694444,3299.166667,3563.5,2559.388889,15.7,15.7,10.1,10.1,17.1,17.1,17.71666667,17.71666667,86.54777778,85.545,106.9402778,105.4930556,106.6736111,105.2172222,86.42527778,85.43166667,3
1.101990919,1.004148548,1.008831496,14.01194444,15.30277778,15.37083333,13.82277778,1485.627778,1485.588889,1485.669444,1485.7,62,62,63,63,61,61,61,61,3436.722222,2940.444444,3294.638889,3298.194444,3099.027778,3303.194444,3449.361111,2515.444444,15.2,15.2,10.1,10.1,17.1,17.1,17.3,17.3,86.53555556,85.60805556,106.9133333,105.5805556,106.6441667,105.3027778,86.4075,85.49333333,3
1.101881066,1.003025719,1.008529639,13.99472222,15.28777778,15.36777778,13.82638889,1485.425,1485.375,1485.463889,1485.494444,62,62,63,63,61,61,61,61,3434.333333,2905.972222,3298.361111,3264.694444,3105.944444,3329.611111,3413.194444,2516.277778,15.2,15.2,10.1,10.1,17.1,17.1,17.3,17.3,86.54416667,85.62055556,106.9272222,105.595,106.6561111,105.3188889,86.41916667,85.50972222,3
1.103942008,1.002432789,1.007316167,13.98111111,15.32027778,15.39138889,13.83888889,1485.244444,1485.227778,1485.327778,1485.352778,62,62,63,63,61,61,61,61,3549.361111,3024.166667,3287.861111,3291.027778,3086.416667,3291.777778,3418.138889,2505.833333,15.51111111,15.51111111,10.1,10.1,17.1,17.1,17.3,17.3,86.555,85.62861111,106.9408333,105.605,106.6705556,105.3280556,86.4275,85.51638889,3
1.10691175,1.004469561,1.008891988,13.9625,15.31555556,15.37972222,13.76805556,1485.536111,1485.522222,1485.597222,1485.625,62,62,63,63,61,61,61,61,3431.777778,2950.75,3294.833333,3276.722222,3088.75,3317.972222,3447.916667,2497.638889,15.3,15.3,10.1,10.1,17.1,17.1,17.3,17.3,86.53916667,85.61333333,106.9183333,105.5833333,106.6488889,105.3083333,86.41138889,85.50027778,3
1.103353073,1.004423176,1.010787033,13.995,15.27333333,15.36555556,13.77388889,1485.811111,1485.772222,1485.858333,1485.869444,62,62,63,63,61,61,61,61,3452.527778,2919.833333,3295.25,3273.833333,3096.222222,3312.638889,3413.638889,2512.333333,15.3,15.3,10.1,10.1,17.1,17.1,17.3,17.3,86.52388889,85.5975,106.8991667,105.5677778,106.6313889,105.2908333,86.39722222,85.48583333,3
1.104264124,1.003740613,1.008615755,13.985,15.30833333,15.37916667,13.805,1485.655556,1485.625,1485.688889,1485.741667,62,62,63,63,61,61,61,61,3440.944444,2917.888889,3267.916667,3287.861111,3085.305556,3294.916667,3445.194444,2507.583333,15.3,15.3,10.1,10.1,17.1,17.1,17.3,17.3,86.53194444,85.60611111,106.9105556,105.5758333,106.6422222,105.3027778,86.40416667,85.49277778,3
1.103565718,1.003807636,1.009488539,12.77083333,13.95833333,14.03361111,12.59416667,1485.475,1485.472222,1485.527778,1485.583333,62,62,63,63,61,61,61,61,3493.388889,3004.777778,3336.25,3325.555556,3141.861111,3328.555556,3451.944444,2601.888889,15.3,15.3,10.1,10.1,17.1,17.1,17.3,17.3,86.50138889,85.65833333,106.8622222,105.6486111,106.5952778,105.3722222,86.37555556,85.54444444,3
1.105278232,1.008333144,1.009774547,11.74888889,12.855,12.8725,11.52805556,1485.533333,1485.527778,1485.597222,1485.616667,62,62,63,63,61,61,61,61,3533.638889,3049.5,3361.416667,3330.888889,3163.694444,3354.527778,3450.722222,2646.305556,15.3,15.3,10.1,10.1,17.1,17.1,17.3,17.3,86.46472222,85.6875,106.8094444,105.6930556,106.5402778,105.4186111,86.33722222,85.57444444,3
1.103293055,1.00907091,1.012376769,9.391388889,10.23055556,10.2625,9.183055556,1485.783333,1485.794444,1485.891667,1485.880556,62,62,63,63,61,61,61,61,3597.777778,3211.361111,3447.138889,3405.527778,3254.694444,3395.722222,3442.916667,2804.027778,15.3,15.3,10.1,10.1,17.1,17.1,17.3,17.3,86.37166667,85.75277778,106.6761111,105.7855556,106.4058333,105.5116667,86.24611111,85.63777778,3
1.101883184,1.004665603,1.00628434,7.595555556,8.315277778,8.328055556,7.508888889,1485.552778,1485.572222,1485.658333,1485.652778,62,62,63,63,61,61,61,61,3620.055556,3294.25,3476.694444,3450.916667,3294.944444,3408.944444,3430.361111,2890.583333,15.3,15.3,10.1,10.1,17.1,17.1,17.3,17.3,86.32638889,85.82416667,106.6102778,105.8844444,106.3383333,105.6108333,86.20333333,85.7075,3
1.099009355,1.000297755,1.007964695,7.589444444,8.274722222,8.335277778,7.524166667,1485.761111,1485.775,1485.858333,1485.858333,62,62,63,63,61,61,61,61,3614.916667,3291.194444,3447.138889,3450.111111,3282.527778,3424.5,3441.583333,2908.611111,15.3,15.3,10.1,10.1,17.1,17.1,17.3,17.3,86.31388889,85.81138889,106.595,105.8719444,106.3236111,105.5977778,86.19083333,85.69416667,3
1.105461255,1.008907667,1.009615215,7.600833333,8.318888889,8.324444444,7.454722222,1485.777778,1485.8,1485.877778,1485.869444,62,62,63,63,61,61,61,61,3615.722222,3295.416667,3443.138889,3452.416667,3297.25,3422.111111,3445.861111,2909.638889,15.3,15.3,10.1,10.1,17.1,17.1,17.3,17.3,86.31333333,85.81027778,106.5930556,105.87,106.3202778,105.5972222,86.18916667,85.69583333,3
1.101132686,1.006990428,1.008825132,7.615833333,8.31,8.324444444,7.490833333,1485.686111,1485.705556,1485.791667,1485.783333,62,62,63,63,61,61,61,61,3588.416667,3283.055556,3451.333333,3438.444444,3275.416667,3426.111111,3450.416667,2893.111111,15.3,15.3,10.1,10.1,17.1,17.1,17.3,17.3,86.31861111,85.81555556,106.5997222,105.8752778,106.3280556,105.6016667,86.19555556,85.69972222,3
1.101929692,1.0080665,1.015789288,7.644166667,8.289444444,8.35,7.456111111,1485.769444,1485.802778,1485.863889,1485.872222,62,62,63,63,61,61,61,61,3607.527778,3292.777778,3442.916667,3452.694444,3292.861111,3423.055556,3454.361111,2905.694444,15.3,15.3,10.1,10.1,17.1,17.1,17.3,17.3,86.31388889,85.81,106.5919444,105.8708333,106.3227778,105.5975,86.18972222,85.69583333,3
1.103074741,1.005076053,1.014203543,7.615,8.280277778,8.351944444,7.463055556,1485.886111,1485.9,1485.983333,1485.980556,62,62,63,63,61,61,61,61,3622.027778,3298.166667,3466.944444,3468.444444,3303.833333,3396.916667,3425.694444,2897.861111,15.3,15.3,10.1,10.1,17.1,17.1,17.3,17.3,86.30722222,85.80305556,106.5827778,105.8619444,106.3152778,105.5875,86.1825,85.68777778,3
1.110129815,1.003839741,1.009830749,5.258611111,5.779722222,5.8125,5.183611111,1485.627778,1485.658333,1485.747222,1485.727778,62,62,63,63,61,61,61,61,3640.75,3410.972222,3492.888889,3501.916667,3359.194444,3426.222222,3397.083333,3022.805556,15.3,15.3,10.1,10.1,17.1,17.1,17.3,17.3,86.24472222,85.89611111,106.4927778,105.9897222,106.2233333,105.7166667,86.12111111,85.77861111,3
1.100440394,1.009892533,1.011692764,16.52055556,17.96194444,17.9925,16.15222222,1484.186111,1484.133333,1484.238889,1484.288889,61.91666667,61.91666667,63,63,61,61,61,61,3508.833333,2945,3345.916667,3338.083333,3104.611111,3370.055556,3532.388889,2506.694444,15.83888889,15.83888889,10.5,10.5,17.4,17.4,17.95277778,17.95277778,86.69944444,85.60555556,107.1330556,105.565,106.8608333,105.2888889,86.56861111,85.49777778,3
1.101697094,1.004905869,1.011284242,15.25194444,16.61166667,16.71222222,14.99583333,1484.663889,1484.658333,1484.738889,1484.791667,62,62,63,63,61,61,61,61,3523.972222,2962.25,3401.75,3384.333333,3156.472222,3416.527778,3548.527778,2538.555556,15.6,15.6,10.5,10.5,17.4,17.4,17.71666667,17.71666667,86.62916667,85.62055556,107.0369444,105.5863889,106.7694444,105.3111111,86.50083333,85.50777778,3
1.101190121,1.005917889,1.011411726,14.1075,15.35555556,15.43555556,13.85416667,1485,1484.988889,1485.075,1485.133333,62,62,63,63,61,61,61,61,3535.833333,3029.194444,3461.527778,3428.777778,3219.777778,3443.527778,3484.75,2540.833333,15.6,15.6,10.5,10.5,17.4,17.4,17.5,17.5,86.57444444,85.63833333,106.96,105.6180556,106.6866667,105.3427778,86.44222222,85.52666667,3
1.099623668,1.004730934,1.006595305,14.07027778,15.36722222,15.39444444,13.90444444,1485.261111,1485.244444,1485.333333,1485.377778,62,62,63,63,61,61,61,61,3561.861111,3018.222222,3427.416667,3421.444444,3200.638889,3433.111111,3482.416667,2555.416667,15.6,15.6,10.5,10.5,17.4,17.4,17.5,17.5,86.55638889,85.62611111,106.9391667,105.6002778,106.6677778,105.325,86.42916667,85.50944444,3
1.098358871,1.005667143,1.009069543,14.13972222,15.38694444,15.43666667,13.92361111,1485.475,1485.486111,1485.586111,1485.633333,62,62,63,63,61,61,61,61,3594,3039.722222,3458.888889,3432.722222,3203.527778,3437.5,3488.333333,2558.666667,15.6,15.6,10.5,10.5,17.4,17.4,17.5,17.5,86.54666667,85.61,106.9222222,105.5841667,106.6497222,105.3083333,86.41722222,85.49444444,3
1.102063137,1.007034565,1.014416251,14.12527778,15.34083333,15.44805556,13.81222222,1485.716667,1485.705556,1485.780556,1485.805556,62,62,63,63,61,61,61,61,3563.972222,3028.305556,3434.194444,3414.388889,3192.944444,3442.388889,3476.5,2559.055556,15.6,15.6,10.5,10.5,17.4,17.4,17.5,17.5,86.53277778,85.59944444,106.9075,105.5677778,106.6397222,105.2919444,86.40166667,85.48833333,3
1.100580021,1.006727074,1.00987361,14.10555556,15.36777778,15.41361111,13.86277778,1485.902778,1485.886111,1485.983333,1485.997222,62,62,63,63,61,61,61,61,3599.083333,3022.027778,3448.027778,3432.055556,3216.861111,3440.166667,3475.805556,2562.111111,15.6,15.6,10.5,10.5,17.4,17.4,17.5,17.5,86.52,85.58666667,106.8930556,105.5547222,106.6227778,105.2813889,86.39138889,85.47527778,3
1.103641345,1.009201374,1.010540548,14.085,15.37611111,15.39555556,13.79694444,1486.133333,1486.105556,1486.175,1486.25,62,62,63,63,61,61,61,61,3565.722222,3025.416667,3427.222222,3431.333333,3196.111111,3427.666667,3476.944444,2560.75,15.6,15.6,10.5,10.5,17.4,17.4,17.5,17.5,86.50777778,85.57805556,106.8791667,105.5391667,106.6061111,105.2641667,86.37666667,85.46472222,3
1.101334748,1.010616811,1.011158425,12.97611111,14.12666667,14.13388889,12.68416667,1486.002778,1486.013889,1486.091667,1486.138889,62,62,63,63,61,61,61,61,3458.5,2980.472222,3483.777778,3473.444444,3234.138889,3463.666667,3492.194444,2623.694444,15.2,15.2,10.5,10.5,17.4,17.4,17.5,17.5,86.47583333,85.62083333,106.8311111,105.6019444,106.5586111,105.3291667,86.34722222,85.50805556,3
1.098215667,1.009198573,1.009335993,11.78083333,12.81305556,12.81472222,11.555,1485.088889,1485.088889,1485.180556,1485.208333,62,62,63,63,61,61,61,61,3461.888889,3034.611111,3511.611111,3503.916667,3292.027778,3475.25,3489.194444,2694.111111,15.1,15.1,10.5,10.5,17.4,17.4,17.5,17.5,86.49194444,85.71111111,106.84,105.7233333,106.5694444,105.4494444,86.36138889,85.60083333,3
1.101266013,1.008156887,1.009280243,9.343611111,10.19138889,10.20222222,9.174722222,1484.825,1484.841667,1484.95,1484.961111,62,62,63,63,61,61,61,61,3541.055556,3156.5,3577,3572.638889,3368.638889,3509.416667,3512.722222,2848.861111,15.1,15.1,10.5,10.5,17.4,17.4,17.5,17.5,86.42638889,85.80861111,106.7444444,105.8547222,106.4705556,105.5805556,86.29805556,85.69138889,3
1.100108116,1.008077516,1.009063179,7.647222222,8.334166667,8.341944444,7.511388889,1484.880556,1484.902778,1484.991667,1485.002778,62,62,63,63,61,61,61,61,3577.083333,3262.111111,3426.805556,3441.694444,3416.25,3562.305556,3490.694444,2935.166667,15.1,15.1,10,10,17.4,17.4,17.5,17.5,86.36805556,85.85944444,106.6580556,105.9319444,106.3847222,105.6586111,86.24027778,85.745,3
1.104778332,1.010023657,1.012068693,7.656388889,8.353888889,8.37,7.481388889,1484.858333,1484.880556,1484.972222,1484.977778,62,62,63,63,61,61,61,61,3573.25,3245.166667,3435.305556,3437.583333,3407.527778,3558.555556,3488.444444,2938.194444,15.1,15.1,10,10,17.4,17.4,17.5,17.5,86.36972222,85.86222222,106.6594444,105.9333333,106.3886111,105.6586111,86.24222222,85.74555556,3
1.103703431,1.009070614,1.014169149,7.637222222,8.308055556,8.348055556,7.453888889,1484.766667,1484.794444,1484.880556,1484.894444,62,62,63,63,61,61,61,61,3570.666667,3262.861111,3458.166667,3411.111111,3399.194444,3557.555556,3490.75,2948.916667,15.1,15.1,10,10,17.4,17.4,17.5,17.5,86.37388889,85.8675,106.6672222,105.9402778,106.395,105.6663889,86.24722222,85.75138889,3
1.101758817,1.005133399,1.010152462,7.649444444,8.341111111,8.380833333,7.528055556,1484.672222,1484.691667,1484.777778,1484.772222,62,62,63,63,61,61,61,61,3546.527778,3242.944444,3466.277778,3443.055556,3415.583333,3529.722222,3521.444444,2953.333333,15.1,15.1,10,10,17.4,17.4,17.5,17.5,86.38027778,85.87277778,106.675,105.9455556,106.4022222,105.6727778,86.25305556,85.7575,3
1.105303768,1.008729185,1.009821288,7.633611111,8.351944444,8.360555556,7.486666667,1484.591667,1484.619444,1484.705556,1484.708333,62,62,63,63,61,61,61,61,3541.611111,3231.472222,3453.833333,3456.111111,3428.5,3522.083333,3511.361111,2950.75,15.1,15.1,10,10,17.4,17.4,17.5,17.5,86.38333333,85.8775,106.6794444,105.9511111,106.4069444,105.6769444,86.25777778,85.76138889,3
1.09882284,1.009112895,1.01274601,7.673055556,8.321944444,8.350555556,7.5,1484.563889,1484.594444,1484.675,1484.697222,62,62,63,63,61,61,61,61,3548.25,3225.027778,3440.972222,3456.527778,3427.75,3534.444444,3507.666667,2950.527778,15.1,15.1,10,10,17.4,17.4,17.5,17.5,86.3875,85.87777778,106.6805556,105.9536111,106.4091667,105.6808333,86.25805556,85.76166667,3
1.10757299,1.006147799,1.008121059,5.286388889,5.806111111,5.816944444,5.207777778,1484.5,1484.527778,1484.605556,1484.608333,62,62,63,63,61,61,61,61,3573.277778,3355.166667,3495.972222,3463.833333,3448.972222,3552.222222,3469.972222,3081.722222,15.1,15.1,10,10,17.4,17.4,17.5,17.5,86.31027778,85.96027778,106.5758333,106.0697222,106.3011111,105.7938889,86.18611111,85.84194444,3
1.105275243,1.003471941,1.00597206,16.4125,18.02944444,18.07222222,16.25055556,1483.827778,1483.238889,1483.283333,1483.433333,61.02777778,61.02777778,63,63,61,61,61,61,3531.083333,3068.361111,3288.444444,3288.111111,3033.555556,3313.361111,3546.638889,2584.805556,16.36944444,16.36944444,10.4,10.4,17.3,17.3,18.41944444,18.41944444,86.72055556,85.62777778,107.2030556,105.6244444,106.9313889,105.3519444,86.62166667,85.54305556,3
1.102996773,1.003461059,1.010277474,15.17083333,16.56027778,16.6675,14.95416667,1484.363889,1483.811111,1483.877778,1483.925,62,62,63,63,61,61,61,61,3471.361111,2916.277778,3340.722222,3335.777778,3097.333333,3348.333333,3617.083333,2588.333333,15.5,15.5,10.4,10.4,17.3,17.3,18,18,86.64611111,85.64194444,107.0975,105.6486111,106.8286111,105.3727778,86.54888889,85.56027778,3
1.106795151,1.003262288,1.007324237,14.04388889,15.42805556,15.4875,13.88861111,1484.769444,1484.252778,1484.316667,1484.386111,62,62,63,63,61,61,61,61,3516.972222,3017,3405.25,3381.944444,3150.027778,3366.333333,3643.138889,2664.111111,15.5,15.5,10.4,10.4,17.3,17.3,18,18,86.58611111,85.65666667,107.0155556,105.6683333,106.7444444,105.3925,86.49,85.5675,3
1.108095489,0.998314358,1.008376002,14.02972222,15.41805556,15.56583333,13.93166667,1485.094444,1484.563889,1484.636111,1484.666667,62,62,63,63,61,61,61,61,3492.472222,2996.527778,3383.138889,3378.138889,3161.611111,3360.5,3623.611111,2665.194444,15.5,15.5,10.4,10.4,17.3,17.3,18,18,86.56666667,85.63694444,106.9927778,105.6472222,106.7252778,105.3669444,86.47194444,85.54916667,3
1.105103648,1.002336339,1.006968575,14.09166667,15.46305556,15.53111111,13.95472222,1485.402778,1484.902778,1484.977778,1485.008333,62,62,63,63,61,61,61,61,3540.861111,3020.5,3392.638889,3374.833333,3145.111111,3376.055556,3635.25,2638.194444,15.6,15.6,10.4,10.4,17.3,17.3,18,18,86.54888889,85.61777778,106.97,105.6230556,106.6997222,105.3452778,86.45527778,85.52888889,3
1.104527752,1.004001019,1.00818897,14.105,15.44972222,15.51111111,13.92583333,1485.683333,1485.183333,1485.241667,1485.286111,62,62,63,63,61,61,61,61,3528.416667,2992.222222,3373.527778,3369.861111,3128.388889,3371.833333,3599.888889,2666.416667,15.6,15.6,10.4,10.4,17.3,17.3,18,18,86.53305556,85.60055556,106.9475,105.6016667,106.6788889,105.3269444,86.4375,85.515,3
1.108858217,1.007411685,1.011505373,14.10555556,15.4575,15.51722222,13.82833333,1485.958333,1485.447222,1485.497222,1485.544444,62,62,63,63,61,61,61,61,3510.111111,3007.638889,3392.444444,3387.694444,3135.5,3358.916667,3631.916667,2670.083333,15.6,15.6,10.4,10.4,17.3,17.3,18,18,86.515,85.58694444,106.9294444,105.5836111,106.66,105.3088889,86.41777778,85.50333333,3
1.108478456,0.999877297,1.00842686,14.01777778,15.40833333,15.53361111,13.89611111,1486.202778,1485.694444,1485.775,1485.772222,62,62,63,63,61,61,61,61,3528,2991.055556,3366.166667,3371.361111,3128.333333,3382.694444,3611.083333,2666.194444,15.6,15.6,10.4,10.4,17.3,17.3,18,18,86.50166667,85.57083333,106.9097222,105.5669444,106.6427778,105.2908333,86.40611111,85.48555556,3
1.109735115,1.005740899,1.012156117,12.79222222,14.02138889,14.10638889,12.55416667,1486.413889,1485.9,1485.988889,1486.008333,62,62,63,63,61,61,61,61,3553.611111,3074.166667,3427.638889,3428.138889,3161.222222,3379.666667,3657.638889,2755,15.6,15.6,10.4,10.4,17.3,17.3,18,18,86.44777778,85.60166667,106.8344444,105.6133333,106.5636111,105.3355556,86.35083333,85.51888889,3
1.110055926,1.004231504,1.009282595,11.68,12.84333333,12.90472222,11.51527778,1485.722222,1485.241667,1485.294444,1485.288889,62,62,63,63,61,61,61,61,3601.361111,3140.5,3452.055556,3440.166667,3216.694444,3411.166667,3688.861111,2809.361111,15.6,15.6,10.4,10.4,17.3,17.3,18,18,86.45194444,85.6775,106.8305556,105.7113889,106.5605556,105.4383333,86.35611111,85.59416667,3
1.106644266,1.002529749,1.009744128,9.401944444,10.30277778,10.37333333,9.281666667,1485.061111,1484.558333,1484.641667,1484.641667,62,62,63,63,61,61,61,61,3659.611111,3278.527778,3524,3516.083333,3289.638889,3450.388889,3665.861111,2955.666667,15.6,15.6,10.4,10.4,17.3,17.3,18,18,86.41444444,85.7925,106.7694444,105.87,106.4991667,105.5930556,86.32,85.70555556,3
1.10173315,0.998413086,1.003514109,7.580555556,8.323055556,8.363611111,7.565277778,1485.033333,1484.555556,1484.633333,1484.622222,62,62,63,63,61,61,61,61,3529.861111,3229,3567.888889,3573.638889,3363.527778,3454.305556,3675.972222,3095.555556,15.18333333,15.18333333,10.4,10.4,17.3,17.3,18,18,86.35527778,85.85416667,106.6841667,105.9563889,106.4116667,105.6819444,86.26388889,85.76388889,3
1.113196036,1.003347471,1.008522078,7.559722222,8.342777778,8.383611111,7.465833333,1485.083333,1484.608333,1484.688889,1484.675,62,62,63,63,61,61,61,61,3512.972222,3197.75,3577.333333,3559.805556,3357.055556,3475.5,3680.5,3094.638889,15.1,15.1,10.4,10.4,17.3,17.3,18,18,86.35222222,85.85194444,106.6797222,105.9513889,106.4091667,105.6766667,86.25833333,85.76166667,3
1.110476613,1.006500922,1.011059064,7.584722222,8.327777778,8.363611111,7.446111111,1485.052778,1484.577778,1484.658333,1484.641667,62,62,63,63,61,61,61,61,3520.555556,3209.416667,3572.666667,3563,3356.944444,3471.166667,3662.25,3087.611111,15.1,15.1,10.4,10.4,17.3,17.3,18,18,86.35555556,85.85222222,106.6805556,105.9530556,106.4113889,105.6794444,86.26,85.76611111,3
1.10949834,1.001032208,1.007670704,7.565,8.328888889,8.381388889,7.496111111,1484.95,1484.480556,1484.527778,1484.552778,62,62,63,63,61,61,61,61,3497.055556,3199.555556,3541.916667,3565.666667,3362.888889,3464.722222,3650.277778,3080.472222,15.1,15.1,10.4,10.4,17.3,17.3,18,18,86.36083333,85.85833333,106.6886111,105.9622222,106.4188889,105.6869444,86.2675,85.76861111,3
1.106487193,1.002292896,1.004889676,7.571111111,8.335555556,8.356111111,7.514166667,1484.836111,1484.338889,1484.413889,1484.413889,62,62,63,63,61,61,61,61,3527.638889,3224.916667,3552.555556,3542.527778,3335.722222,3486.083333,3644.138889,3079.861111,15.1,15.1,10.4,10.4,17.3,17.3,18,18,86.36722222,85.86666667,106.6988889,105.9705556,106.4280556,105.6969444,86.27361111,85.77861111,3
1.10890742,1.008557371,1.008592665,7.595833333,8.347777778,8.348055556,7.460277778,1484.738889,1484.261111,1484.341667,1484.319444,62,62,63,63,61,61,61,61,3539.972222,3219.472222,3578.666667,3536.055556,3337.027778,3480.194444,3641.611111,3061.777778,15.1,15.1,10.4,10.4,17.3,17.3,18,18,86.37555556,85.86888889,106.7058333,105.9772222,106.4327778,105.7025,86.27944444,85.78333333,3
1.114554015,1.010076763,1.013500313,5.345555556,5.875555556,5.894444444,5.214722222,1484.644444,1484.186111,1484.255556,1484.233333,62,62,63,63,61,61,61,61,3534.527778,3288.805556,3576.777778,3604.166667,3398.555556,3491.5,3597.472222,3213,15.1,15.1,10.4,10.4,17.3,17.3,18,18,86.30305556,85.95055556,106.6022222,106.0911111,106.3311111,105.8172222,86.20944444,85.86277778,3
1.104370582,0.992983247,1.001389877,16.29805556,17.98027778,18.12527778,16.39527778,1484.802778,1484.669444,1484.708333,1484.594444,61.94444444,61.94444444,63,63,61,61,61,61,3426.555556,2910.666667,3097.972222,3113.027778,3002.305556,3290.833333,3635.833333,2575.361111,15.73888889,15.73888889,10,10,17.1,17.1,18.35,18.35,86.65583333,85.57805556,107.0938889,105.5266667,106.8322222,105.2505556,86.55833333,85.47138889,4
1.099325478,0.985891536,0.994035234,15.05527778,16.66222222,16.79361111,15.37777778,1484.825,1484.677778,1484.719444,1484.602778,62,62,63,63,61,61,61,61,3508.861111,2965.055556,3149.722222,3166.833333,3070.666667,3338.805556,3608.25,2598.388889,15.72222222,15.72222222,10,10,17.1,17.1,18.1,18.1,86.61888889,85.61416667,107.0366667,105.5858333,106.7747222,105.3063889,86.51888889,85.51166667,4
1.107205799,0.99289037,1.003796773,13.92444444,15.36416667,15.52472222,13.97361111,1484.647222,1484.555556,1484.594444,1484.45,62,62,63,63,61,61,61,61,3396.083333,2896.944444,3197.083333,3203.805556,3114.416667,3351.472222,3672.25,2692.166667,15.3,15.3,10,10,17.1,17.1,18.1,18.1,86.58722222,85.66472222,106.9905556,105.6477778,106.7286111,105.3719444,86.48861111,85.55666667,4
1.105648888,0.992184055,0.999256121,13.94138889,15.43194444,15.53666667,14.06805556,1484.536111,1484.433333,1484.458333,1484.327778,62,62,63,63,61,61,61,61,3577.972222,3077.333333,3189.861111,3194.277778,3122.972222,3343.111111,3646.888889,2684.888889,15.8,15.8,10,10,17.1,17.1,18.1,18.1,86.59416667,85.67027778,107.0008333,105.6563889,106.7375,105.3816667,86.49805556,85.56388889,4
1.106906423,0.987761648,0.999481166,13.87805556,15.37944444,15.55305556,14.06694444,1484.786111,1484.672222,1484.711111,1484.563889,62,62,63,63,61,61,61,61,3405.472222,2917.722222,3183.444444,3199.555556,3113.583333,3358.611111,3641.388889,2681.777778,15.3,15.3,10,10,17.1,17.1,18.1,18.1,86.57888889,85.65527778,106.9819444,105.6416667,106.7188889,105.3627778,86.48083333,85.55333333,4
1.109387106,0.991036436,1.000565259,13.91972222,15.44083333,15.58194444,14.04416667,1484.716667,1484.605556,1484.647222,1484.5,62,62,63,63,61,61,61,61,3419.666667,2919,3203.888889,3201.333333,3122.583333,3361.444444,3634.722222,2676.5,15.3,15.3,10,10,17.1,17.1,18.1,18.1,86.585,85.65944444,106.9880556,105.6419444,106.7238889,105.3675,86.48722222,85.55472222,4
1.102105169,0.995904456,1.005306721,14.01527778,15.3675,15.50583333,13.99777778,1484.583333,1484.480556,1484.508333,1484.35,62,62,63,63,61,61,61,61,3421.055556,2938.666667,3199.277778,3190.444444,3117.444444,3351.083333,3641.333333,2674.972222,15.3,15.3,10,10,17.1,17.1,18.1,18.1,86.59555556,85.6675,106.9947222,105.6552778,106.7325,105.3780556,86.4925,85.56833333,4
1.101608731,0.988268722,1.000839876,13.93138889,15.34277778,15.52888889,14.09277778,1484.475,1484.358333,1484.402778,1484.238889,62,62,63,63,61,61,61,61,3429.638889,2933.666667,3186.305556,3188.527778,3121.388889,3359.361111,3644.277778,2677.138889,15.3,15.3,10,10,17.1,17.1,18.1,18.1,86.59722222,85.67694444,107.0025,105.6625,106.7419444,105.3855556,86.49972222,85.57138889,4
1.105462971,0.992597931,1.004422029,12.7475,14.03472222,14.19388889,12.78805556,1484.55,1484.425,1484.475,1484.313889,62,62,63,63,61,61,61,61,3466.083333,2985.972222,3226.611111,3235.25,3171,3365.305556,3655.916667,2757.472222,15.4,15.4,10,10,17.1,17.1,18.1,18.1,86.55833333,85.70722222,106.9419444,105.7161111,106.6777778,105.4388889,86.45527778,85.60777778,4
1.10291179,0.990116731,1.002106336,11.62861111,12.80444444,12.95222222,11.72472222,1484.308333,1484.213889,1484.263889,1484.083333,62,62,63,63,61,61,61,61,3508.472222,3080.388889,3261.305556,3259,3198.666667,3396.416667,3663.861111,2816.166667,15.4,15.4,10,10,17.1,17.1,18.1,18.1,86.53166667,85.76166667,106.9008333,105.7847222,106.6386111,105.5091667,86.4325,85.65611111,4
1.104290459,0.999136968,1.012691404,9.383888889,10.23277778,10.365,9.268611111,1484.552778,1484.472222,1484.522222,1484.325,62,62,63,63,61,61,61,61,3585.527778,3206.916667,3336.944444,3324.222222,3256.638889,3421.638889,3657.916667,2966.472222,15.4,15.4,10,10,17.1,17.1,18.1,18.1,86.44111111,85.82222222,106.7713889,105.8788889,106.5069444,105.6025,86.33833333,85.72222222,4
1.109313978,0.997941023,1.00683539,7.558333333,8.328333333,8.398888889,7.520555556,1484.136111,1484.072222,1484.105556,1483.905556,62,62,63,63,61,61,61,61,3602.5,3304.388889,3366.444444,3364.277778,3314.416667,3452.638889,3636.888889,3061.888889,15.4,15.4,10,10,17.1,17.1,18.1,18.1,86.40638889,85.90583333,106.7172222,105.9913889,106.4511111,105.7172222,86.30388889,85.80527778,4
1.110633826,0.995694314,1.006150665,7.540833333,8.325555556,8.408611111,7.526388889,1484.111111,1484.033333,1484.1,1483.905556,62,62,63,63,61,61,61,61,3592.583333,3290.111111,3352.333333,3363.944444,3312.444444,3447.416667,3629.027778,3078.555556,15.4,15.4,10,10,17.1,17.1,18.1,18.1,86.40777778,85.90722222,106.7194444,105.9916667,106.4525,105.7172222,86.30444444,85.80694444,4
1.105508887,0.992658827,1.005532697,7.548611111,8.301944444,8.404444444,7.563333333,1484.072222,1484.002778,1484.05,1483.847222,62,62,63,63,61,61,61,61,3597.277778,3283.944444,3350.333333,3361.583333,3327.611111,3436.666667,3635.777778,3073,15.4,15.4,10,10,17.1,17.1,18.1,18.1,86.41027778,85.90916667,106.7219444,105.9966667,106.4544444,105.7219444,86.30888889,85.80861111,4
1.103143617,0.992169323,1.000366122,7.547222222,8.325833333,8.391388889,7.606944444,1484.013889,1483.972222,1484.002778,1483.805556,62,62,63,63,61,61,61,61,3586.388889,3290.972222,3344.111111,3359.861111,3326.555556,3432.722222,3651.472222,3079.25,15.4,15.4,10,10,17.1,17.1,18.1,18.1,86.41388889,85.91305556,106.7258333,105.9986111,106.4577778,105.725,86.31277778,85.81055556,4
1.109826802,0.996429629,1.004809626,7.550833333,8.341388889,8.408055556,7.541111111,1484.008333,1483.916667,1483.991667,1483.794444,62,62,63,63,61,61,61,61,3593.305556,3284.083333,3334.888889,3362.666667,3331.166667,3431.638889,3640.194444,3068.444444,15.4,15.4,10,10,17.1,17.1,18.1,18.1,86.41305556,85.91194444,106.7277778,105.9994444,106.4605556,105.7258333,86.31222222,85.81194444,4
1.109786215,0.994789852,1.00643239,7.540833333,8.317222222,8.409722222,7.531388889,1484.025,1483.977778,1484,1483.805556,62,62,63,63,61,61,61,61,3597.166667,3290.25,3340.833333,3367.972222,3329.722222,3435.75,3649.444444,3076.555556,15.4,15.4,10,10,17.1,17.1,18.1,18.1,86.41194444,85.91027778,106.7244444,105.9991667,106.4588889,105.7244444,86.31138889,85.81027778,4
1.108192851,0.99636713,1.004559724,7.533888889,8.3125,8.3775,7.526666667,1484.080556,1483.997222,1484.033333,1483.844444,62,62,63,63,61,61,61,61,3597.083333,3290.083333,3345.111111,3367.888889,3327,3440.194444,3626.861111,3066,15.4,15.4,10,10,17.1,17.1,18.1,18.1,86.40916667,85.90972222,106.7230556,105.9955556,106.4561111,105.7219444,86.30666667,85.81083333,4
1.10400551,0.993223912,1.004391278,5.236111111,5.757222222,5.818888889,5.249444444,1484.102778,1484.066667,1484.102778,1483.9,62,62,63,63,61,61,61,61,3615.861111,3379.055556,3371.083333,3361.277778,3381.722222,3473.944444,3602.083333,3207.333333,15.4,15.4,10,10,17.1,17.1,18.1,18.1,86.33305556,85.98277778,106.6069444,106.1027778,106.34,105.8305556,86.22944444,85.8825,4
1.106850404,0.993130766,1.00342716,5.231388889,5.7725,5.829444444,5.250555556,1484.105556,1484.030556,1484.1,1483.897222,62,62,63,63,61,61,61,61,3602.5,3392.916667,3382.805556,3359.777778,3386.916667,3476.805556,3598.861111,3207.138889,15.4,15.4,10,10,17.1,17.1,18.1,18.1,86.33138889,85.98555556,106.6083333,106.1033333,106.3394444,105.8311111,86.22916667,85.88194444,4
1.10612428,0.994476547,1.002730492,9.273055556,10.23194444,10.31277778,9.300555556,1484.094444,1484.011111,1484.055556,1483.863889,62,62,63,63,61,61,61,61,3576.583333,3201.111111,3323.861111,3302.305556,3242.416667,3425.944444,3636.444444,2964.416667,15.4,15.4,10,10,17.1,17.1,18.1,18.1,86.46666667,85.85111111,106.8041667,105.9136111,106.5388889,105.6375,86.36527778,85.75055556,4
1.103042047,0.99668179,1.00380577,11.68638889,12.84361111,12.93111111,11.68055556,1484.052778,1483.986111,1484.033333,1483.855556,62,62,63,63,61,61,61,61,3470.694444,3091.472222,3249.527778,3263.638889,3181,3404.944444,3662.527778,2810.111111,15.4,15.4,10,10,17.1,17.1,18.1,18.1,86.54805556,85.77416667,106.9211111,105.7994444,106.6547222,105.5244444,86.44527778,85.67111111,4
1.110914667,0.995059309,1.00785824,12.74555556,14.05194444,14.22361111,12.70694444,1484.116667,1484.022222,1484.058333,1483.897222,62,62,63,63,61,61,61,61,3448.361111,3002.305556,3217.722222,3240.027778,3159.888889,3371.611111,3652.666667,2735.833333,15.4,15.4,10,10,17.1,17.1,18.1,18.1,86.58055556,85.73583333,106.9683333,105.7458333,106.7077778,105.4677778,86.47638889,85.63388889,4
1.1029311,0.990569826,1.003294722,12.72861111,13.99888889,14.17027778,12.81166667,1483.988889,1483.902778,1483.927778,1483.788889,62,62,63,63,61,61,61,61,3439.472222,2987.722222,3218.75,3226.555556,3168.111111,3373.611111,3648.111111,2741.833333,15.3,15.3,10,10,17.1,17.1,18.1,18.1,86.58638889,85.74166667,106.9786111,105.755,106.7155556,105.48,86.48527778,85.63722222,4
0,0,0,0,0,0,5.258333333,2675.1,0,0,1483.438889,61.19444444,61.19444444,62.86111111,62.80555556,59.88888889,59.88888889,61,61,0,0,0,0,0,0,3454.388889,3076.416667,43.16944444,43.16944444,40.725,40.84166667,42.49722222,42.72777778,17.7,17.7,48.53,47.07,0,0,0,0,86.25583333,85.90833333,4
1.097550764,1.097550764,0,0,5.825555556,0,5.307777778,2675.1,1483.538889,0,1483.672222,61.5,61.47222222,63,63,60.63888889,61.55555556,61,61,0,0,3161.583333,3141.444444,0,0,3445.888889,3062.027778,43.825,43.825,9.1,9.1,41.94722222,42.90833333,17.7,17.7,48.53,47.07,106.6458333,106.1383333,0,0,86.24444444,85.89333333,4
1.098764977,1.098764977,0,0,8.278888889,0,7.534722222,2675.1,1484.377778,0,1484.497222,61.47222222,60.58333333,63,63,62.55555556,61.80555556,61,61,0,0,3091.333333,3094.972222,0,0,3468.527778,2922.722222,43.65833333,43.65833333,9.1,9.1,42.34722222,42.14722222,17.7,17.7,48.53,47.07,106.695,105.9722222,0,0,86.27083333,85.77277778,4
1.09556264,1.09556264,0,0,8.305277778,0,7.580833333,2675.1,1484.738889,0,1484.858333,60.58333333,60.52777778,63,63,61.75,60.94444444,61,61,0,0,3088.944444,3094.833333,0,0,3482.5,2918.333333,43.83888889,43.83888889,9.1,9.1,41.21111111,42.1,17.7,17.7,48.53,47.07,106.6688889,105.945,0,0,86.25138889,85.75055556,4
1.100491737,1.100491737,0,0,8.268055556,0,7.513055556,2675.1,1485.072222,0,1485.194444,60.55555556,60.63888889,63,63,60.88888889,60.83333333,61,61,0,0,3108.472222,3109.277778,0,0,3467.25,2930.583333,42.93888889,42.93888889,9.1,9.1,43.35833333,42.45555556,17.7,17.7,48.53,47.07,106.6444444,105.9219444,0,0,86.23,85.73361111,4
1.105738615,1.105738615,0,0,8.296111111,0,7.502777778,2675.1,1484.311111,0,1484.441667,61.44444444,58.88888889,63,63,61.72222222,61.72222222,61,61,0,0,3083.472222,3080.361111,0,0,3457.805556,2912.222222,43.23888889,43.23888889,9.1,9.1,42.38888889,42.22777778,17.7,17.7,48.53,47.07,106.6986111,105.9752778,0,0,86.27333333,85.77694444,4
1.100645399,1.100645399,0,0,8.29,0,7.531944444,2675.1,1484.405556,0,1484.525,61.5,60.77777778,63,63,60.97222222,61.77777778,61,61,0,0,3075,3093.888889,0,0,3450.583333,2911,42.84722222,42.84722222,9.1,9.1,42.11944444,41.48888889,17.7,17.7,48.53,47.07,106.6911111,105.9688889,0,0,86.26777778,85.77027778,4
1.090805569,1.090805569,0,0,8.248611111,0,7.561944444,2675.1,1484.305556,0,1484.438889,62.47222222,60.75,63,63,62.61111111,62.52777778,61,61,0,0,3084,3080.444444,0,0,3453.777778,2911.083333,43.71111111,43.71111111,9.1,9.1,41.45277778,40.76944444,17.7,17.7,48.53,47.07,106.6977778,105.9766667,0,0,86.27583333,85.77472222,4
1.097560976,1.097560976,0,0,10.1375,0,9.236388889,2675.1,1484.213889,0,1484.355556,62.52777778,61.69444444,63,63,59.83333333,61.63888889,61,61,0,0,3039.472222,3081.805556,0,0,3461.861111,2816.888889,41.58888889,41.58888889,9.1,9.1,42.46388889,42.9,17.7,17.7,48.53,47.07,106.7869444,105.9011111,0,0,86.335,85.72472222,4
1.09370126,1.09370126,0,0,12.66111111,0,11.57638889,2675.1,1484.3,0,1484.408333,61.63888889,63.36111111,63,63,61,61.91666667,61,61,0,0,3161.833333,3165.611111,0,0,3494.361111,2675.333333,42.93611111,42.93611111,9.6,9.6,42.21388889,41.62222222,17.7,17.7,48.53,47.07,106.89,105.7861111,0,0,86.41194444,85.64055556,4
0.587194726,1.950671097,0.410708759,11.05833333,14.05222222,0,12.87277778,1650.186111,1484.377778,0,1484.527778,62.86111111,62.86111111,63,63,59.05555556,58.22222222,61,61,2876.916667,2464.222222,3111.916667,3141.75,0,0,3465.694444,2589.472222,19.05277778,19.05277778,9.6,9.6,43.46944444,42.77222222,17.7,17.7,81.26166667,80.325,106.9461111,105.7183333,0,0,86.44611111,85.59305556,4
0.549717548,2.103200366,0.477172326,13.98194444,15.35361111,0,13.94805556,1484.591667,1484.125,0,1484.255556,62,62,63,63,59.91666667,60.75,61,61,3505.916667,2968.944444,3246.5,3269.861111,0,0,3417.972222,2505.027778,15.6,15.6,10.1,10.1,42.77222222,43.075,17.7,17.7,86.59388889,85.66583333,107.0213889,105.6808333,0,0,86.49944444,85.57138889,4
0.548243703,2.075901813,0.472288385,13.935,15.3825,0,14.12277778,1484.786111,1484.311111,0,1484.458333,62,62,63,63,62.5,62.44444444,61,61,3495.027778,2939.666667,3233.694444,3254.944444,0,0,3436.694444,2509.111111,15.6,15.6,10.1,10.1,42.40555556,41.96666667,17.7,17.7,86.58,85.65611111,107.0086111,105.6652778,0,0,86.49055556,85.55583333,4
0.552583273,2.077833946,0.468825683,13.87333333,15.46972222,0,14.12194444,1484.577778,1484.105556,0,1484.269444,62,62,63,63,61.66666667,61.66666667,61,61,3490.194444,2969.5,3238.388889,3258.5,0,0,3621.333333,2652.055556,15.6,15.6,10.1,10.1,41.90555556,41.79166667,18.1,18.1,86.59083333,85.67055556,107.0269444,105.6766667,0,0,86.50333333,85.56861111,4
0.549092997,2.094141846,0.475682916,14.00833333,15.40388889,0,14.045,1484.547222,1484.061111,0,1484.227778,62,62,63,63,62.5,62.44444444,61,61,3551.444444,2940.361111,3253.055556,3268.777778,0,0,3635.861111,2655.805556,15.6,15.6,10.1,10.1,40.31944444,41.25,18.1,18.1,86.59888889,85.66722222,107.0286111,105.6819444,0,0,86.50222222,85.57027778,4
0.553181514,2.10261826,0.473907405,13.90694444,15.40472222,0,13.94055556,1484.736111,1484.291667,0,1484.433333,62,62,63,63,61.61111111,61.61111111,61,61,3506.222222,2946.916667,3221.583333,3261.694444,0,0,3634.166667,2667.916667,15.6,15.6,10.1,10.1,42.13888889,42.29166667,18.1,18.1,86.58333333,85.66166667,107.0111111,105.6655556,0,0,86.48722222,85.56361111,4
0.546260113,2.082623167,0.475628545,15.09222222,16.54166667,0,15.18944444,1484.788889,1484.333333,0,1484.480556,61.97222222,61.97222222,63,63,60.91666667,60.05555556,61,61,3472.583333,2904.75,3201.416667,3231.555556,0,0,3626.472222,2597.666667,15.62777778,15.62777778,10.1,10.1,40.75555556,41.37222222,18.10833333,18.10833333,86.61916667,85.61583333,107.0591667,105.6130556,0,0,86.52416667,85.52222222,4
0.548578079,2.076915343,0.472218213,16.36,18.06833333,0,16.57666667,1484.65,1484.166667,0,1484.391667,61.19444444,61.19444444,63,63,60.19444444,59.33333333,61.77777778,61.77777778,3484.416667,2943.777778,3150.277778,3176.861111,0,0,3605.611111,2599.277778,16.10555556,16.10555556,10.1,10.1,41.29722222,40.96944444,18.66666667,18.69166667,86.66888889,85.58444444,107.1372222,105.5577778,0,0,86.58194444,85.47527778,4
0,0,0,0,0,0,4.048333333,2675.1,0,1353.6,412.3361111,57.36111111,57.41666667,57.05555556,58.88888889,57.16666667,54.55555556,60.11111111,60.05555556,0,0,0,0,1402,1537,1011.75,716,46.22222222,46.22222222,48.07222222,48.37222222,47.28055556,47.72222222,36.98888889,37.03611111,48.53,47.07,0,0,115.22,117.4,24.02972222,23.76111111,4
0,0,0,0,0,0,14.5475,2675.1,0,1353.6,1484.425,62.63888889,63.55555556,64.27777778,63.41666667,57.61111111,57.52777778,61,61,0,0,0,0,1402,1537,3645.083333,2580.5,44.725,44.725,44.10833333,44.525,45.31111111,45.74722222,18.23611111,18.23611111,48.53,47.07,0,0,115.22,117.4,86.505,85.54333333,4
0,0,0,0,0,0,14.51416667,2675.1,0,1353.6,1484.397222,59.16666667,59.08333333,56.36111111,56.36111111,59.16666667,57.25,61,61,0,0,0,0,1402,1537,3556.583333,2546.222222,46.92222222,46.92222222,47.41666667,47.96111111,45.57222222,45.57222222,18.18888889,18.18888889,48.53,47.07,0,0,115.22,117.4,86.50555556,85.54527778,4
0,0,0,0,0,0,14.42694444,2675.1,0,1353.6,1484.4,58.27777778,60.11111111,63.16666667,64.13888889,56.38888889,56.36111111,61,61,0,0,0,0,1402,1537,3658.138889,2548.416667,46.51666667,46.51666667,46.18611111,45.68055556,46.85833333,47.85833333,18.20555556,18.20555556,48.53,47.07,0,0,115.22,117.4,86.50416667,85.5475,4
0,0,0,0,0,0,14.50027778,2675.1,0,1353.6,1484.444444,60.16666667,61.05555556,54.52777778,54.47222222,58,57.97222222,61,61,0,0,0,0,1402,1537,3629.944444,2587.138889,43.60833333,43.60833333,47.24722222,47.99722222,48.00555556,47.30277778,18.2,18.2,48.53,47.07,0,0,115.22,117.4,86.50472222,85.54333333,4
0,0,0,0,0,0,14.38277778,2675.1,0,1353.6,1484.494444,59.38888889,60.33333333,59.44444444,58.5,67.27777778,62.97222222,61,61,0,0,0,0,1402,1537,3651.277778,2601.222222,45.39444444,45.39444444,42.24722222,43.275,41.04166667,41.04166667,18.2,18.2,48.53,47.07,0,0,115.22,117.4,86.5,85.54305556,4
0,0,0,0,0,0,15.79055556,2675.1,0,1353.6,1484.672222,59.30555556,58.41666667,57.25,58.08333333,59.22222222,59.16666667,61,61,0,0,0,0,1402,1537,3541.027778,2522.083333,45.32222222,45.32222222,47.825,48.08055556,44.40833333,45.06111111,18.78611111,18.78333333,48.53,47.07,0,0,115.22,117.4,86.53388889,85.48833333,4
0,0,0,0,0,0,16.76805556,2675.1,0,1353.6,1508.325,61.47222222,61.52777778,59.61111111,59.69444444,60.05555556,60.83333333,63.41666667,63.41666667,0,0,0,0,1402,1537,3176.805556,2343.055556,43.58611111,43.58611111,43.57222222,43.78333333,41.83888889,42.06388889,19.26666667,19.35277778,48.53,47.07,0,0,115.22,117.4,85.31166667,84.20027778,4
